heuristic,method,seed,solved,total_puzzles,success_rate,time_limit_failures,node_limit_failures,optimal_solutions,optimal_rate_among_solved,mean_solution_gap,mean_nodes_expanded,mean_runtime_seconds,median_runtime_seconds,operator_count,tree_depth,prefix_expression,infix_expression,quality_rank,node_efficiency_rank,runtime_rank,complexity_rank,generated_rank,performance_score,overall_rank,generated_score
GEP_seed_43,GEP,43,8,8,1.0,0,0,7,0.875,0.0125,1835.875,0.11856887500016455,0.0602379000010842,3,4,(+ B (+ S (+ B B))),(B + (S + (B + B))),1,2,4,2,1,0.9117073535880649,1,0.9205366182292584
GP_seed_44,GP,44,8,8,1.0,0,0,6,0.75,0.017934782608695653,1769.125,0.11507416249969538,0.06729779999659513,7,6,(+ (+ S B) (+ (+ B (min (abs K) (min S B))) B)),"((S + B) + ((B + min(abs(K), min(S, B))) + B))",2,1,5,6,2,0.9101007535460551,2,0.8619478210485925
GEP_seed_42,GEP,42,8,8,1.0,0,0,4,0.5,0.045794333735909826,2083.125,0.13626599999952305,0.07857194999814965,5,5,(+ (+ #5 (- (* B V) L)) (* D S)),((5 + ((B * V) - L)) + (D * S)),3,4,6,5,3,0.8641554031838431,3,0.8377398628654589
GP_seed_42,GP,42,8,8,1.0,0,0,2,0.25,0.07865440735894402,2316,0.14605451250008628,0.029402349999145372,5,6,(max (* (* (* (* B S) #3) #3) #3) M),"max(((((B * S) * 3) * 3) * 3), M)",4,5,2,4,4,0.9321882388734317,4,0.8989694149860885
GEP_seed_44,GEP,44,8,8,1.0,0,0,2,0.25,0.07865440735894402,2570.5,0.17142636249991483,0.028940500000317115,4,4,(* (* (* S V) (* C V)) S),(((S * V) * (C * V)) * S),4,6,1,3,5,0.9194185659116233,5,0.9024767093204611
GP_seed_43,GP,43,8,8,1.0,0,0,2,0.25,0.08328403698857366,1943.375,0.1274336750011571,0.039812650000385474,3,4,(* (* (* V S) B) S),(((V * S) * B) * S),6,3,3,1,6,0.9218845918690362,6,0.9296961326821326
